store_id,amount
0,1977776.258679224
1,289928.6135866735
2,1259294.6006347423
4,2668979.492480455
5,941358.2603062035
6,6601244.397450795
7,625678.9605746373
8,3679473.201409339
9,1549016.5234855493
10,1751269.302729884
11,1397803.636450327
12,1413170.7082640473
13,2431556.338598757
14,12571365.097859593
15,2578528.526559986
16,826826.740672325
17,758753.0736820026
18,967712.9129750042
19,4226062.634241719
20,5299378.517676148
22,670756.643926814
23,1889136.3163345684
24,4106131.197784827
25,488418.9860306261
26,1008222.3122772906
27,5189936.991363307
28,3638458.3963703224
29,2679923.3682805896
30,784915.3285964334
31,1899439.4689487696
32,342877.1922139963
33,3228767.807066803
34,1908930.82886066
35,2214792.0137120592
36,9297288.499059007
37,4600634.881704772
38,1031124.0920576304
40,1608254.7680801572
41,6129030.45333864
42,1210720.8617077945
43,1395457.2018822485
45,839733.7701026148
46,13217838.759588037
47,3114266.3264583484
48,2729624.742872382
49,254763.35679163766
50,3783288.5454999963
51,2797429.0378760374
52,713876.5128891058
53,810782.9574064869
54,4203896.228044086
55,1679207.158322852
57,26137428.168823857
58,1541658.9402867486
59,9716846.457139662
60,1026493.3622710555
61,391903.42707741633
62,18611259.836744275
64,13634489.34853211
66,2625832.3087332584
67,801674.5178744243
68,2322013.243446581
69,74132.99857968121
70,7211113.788661756
71,2301250.6353145563
72,4949255.890342409
73,569573.1256340542
74,160576.1403020696
75,1490576.263179137
76,11437229.305683147
77,1613143.8669043982
78,2490491.6766049755
79,650006.0757772259
80,1150405.6869321787
81,3350289.4960663607
82,2506159.577802277
83,4794234.2242558785
84,3886729.7349748462
85,934489.628486588
86,22182651.703531608
87,1688019.6859452487
88,1718050.3559262762
89,2494809.0683089215
90,3826194.741055742
91,2061981.6597145305
92,3577965.9923103643
93,14766172.064015493
94,3420532.672956054
95,8934294.226889577
96,3412447.297411519
97,1143930.9098823266
98,2629090.172147734
99,1773168.1661416772
100,118701.52549002852
101,1594584.3714786235
102,1102598.909661821
103,944488.6878438038
104,5827802.074420835
105,1290915.6090500816
106,266551.9437116999
107,614991.5695434839
108,3805894.6202301513
109,2958817.402610171
110,4289932.1615606565
111,232306.90010009092
112,4046224.6841767896
113,9644722.901403576
114,2833011.152098944
115,1518553.702723641
116,3560625.964745973
117,2821055.910913725
118,344136.7768899383
119,26334625.169951648
120,3361782.365960302
121,1175039.5637800067
122,919028.5800330704
123,456615.2755033489
125,399869.3095028448
126,6638676.942614555
127,3718900.890586469
128,6995781.730770201
129,677231.0371076947
130,3478573.8208141774
131,1311061.2741047475
132,3148196.2895987146
133,340093.9003497877
134,604132.5989874911
136,3544904.7549138153
137,5466340.407214409
138,308964.4336726685
139,2150460.9295440656
141,5553560.51074638
142,5224367.510478268
143,1939959.267989582
144,584506.8187398307
145,14877111.115467494
146,6405934.251421576
148,509927.994834921
149,1778965.2023258067
150,2215673.6986725484
151,830482.9263141956
152,4947796.781985801
153,333988.9962466813
154,15649025.191147197
156,2811533.3913420574
157,734138.0745895288
159,766974.7658113039
160,1160543.4862818741
161,974512.0524869224
162,3167751.305541369
164,7501457.474920938
165,711760.8647639358
166,588470.2597461287
167,2003375.01934045
168,739316.1355006143
169,2793200.459430689
170,1742146.850283802
171,556752.8991757929
172,3370687.5233263653
173,3460465.4521645484
174,329964.7618466278
175,712421.0388401293
176,585347.4655813116
177,1042077.372660411
178,6852901.683266548
179,2577059.330490762
180,7607332.127920978
181,2780571.0048740846
182,6471005.451596823
183,6463877.048248057
184,1957030.097808728
185,3073021.3303311756
186,551539.5558740665
187,1247698.3448743878
188,1553801.9061518959
189,3043443.1238273876
190,18037540.059620697
192,1325718.723198209
193,839543.2299373494
194,2685329.5948409936
195,3835813.4207154983
196,3751248.917665954
197,1313806.0689694749
198,12747488.850083286
199,1319873.8031131155
200,8704240.661214966
201,1442400.2409830852
202,1111471.566769694
203,603429.9928706796
204,4756638.467826828
205,3009016.1971725123
206,3709175.4482291313
207,4195632.780562388
208,3463385.8254632438
209,2749208.8482040754
210,3103504.988060899
211,626453.5084309222
212,600400.6269630704
213,5787743.841405418
214,260446.6854559969
215,534014.5029422366
216,5266760.757370038
217,1778010.317800822
218,1587129.2679207902
219,4562185.294127552
221,3755386.707332747
222,1863548.2241787887
223,2429178.923382285
224,1363461.0669472308
225,3160405.6409992063
226,3561418.045525356
227,1027620.171048657
228,1129453.9591129129
229,5547536.616616273
230,952703.3633573458
231,1998070.5096466716
232,1267058.1734170457
233,729607.1936581744
234,1167935.699116642
235,684907.1655067909
236,1708260.0651476174
237,1520074.1935090502
238,2614503.4719191464
239,15447691.9901114
240,873811.5122773609
241,2928739.099220707
243,6824488.659114966
245,1197197.5761427423
246,8710643.201774862
247,10205403.46667029
248,1972758.9755449435
249,2953921.5519426665
250,3339933.771486967
251,303000.8693542031
252,1681948.802845681
253,5078109.800061228
254,1076448.6375406557
255,692150.0809475256
256,3763104.0323685957
257,1986826.1713086495
258,621720.4399930511
259,14183656.65208298
260,803928.5772977623
262,2411040.83023932
264,6301258.920621943
265,145720.73109459973
266,1367252.861100101
267,1659931.8138308371
268,1103950.0049812421
269,873783.3473135773
270,9829951.571064062
271,9372068.055777831
272,1667177.0783105204
273,746015.3193744118
274,392924.43459734914
275,5067302.711797798
276,1403138.810225722
277,329724.3409329173
278,1946776.696589624
279,337683.7755296035
280,3848877.643596664
281,3153424.9329676824
282,3719040.206303175
283,3842419.0951004536
284,9443078.40312704
285,2071461.6699476046
286,8216660.170852119
287,670964.8583104421
288,2698592.0156740053
289,1146133.8444217788
290,3610162.7981940857
291,1070705.63831985
293,5798379.641981031
294,3182988.2077754587
295,8781381.28904172
296,2640624.393965119
298,15280680.388501454
299,2316247.4953828203
300,10574053.230504464
301,3552456.349800595
302,4542213.8181481045
303,4871969.887364687
304,9749581.089163646
305,1964471.230918557
306,2335783.345145637
307,1577374.1054133167
308,3660302.9025380453
309,1055138.8470289102
310,576631.5977446625
311,5285102.321752546
312,1571594.9036445362
313,982229.4860904226
314,5281630.740245174
315,4435712.3600326525
316,2890079.557058135
317,6177279.4159737425
318,1971245.988876057
319,566589.6369875825
320,13422290.297726026
321,944069.382212769
322,637789.9299607177
323,8250240.573855441
324,1366148.4402854345
325,8250295.778048364
326,228096.37477945632
328,1659988.601731265
329,1783491.3893420459
330,1010897.4697821005
331,1808777.8023257162
332,2103745.713255717
333,2780412.911516876
334,1959705.964176855
335,9220996.876453023
336,6771933.338784486
338,3218331.8120125784
339,2840033.8601289336
340,371605.07311191055
341,1216908.6761485387
342,374237.07804368046
343,178042.0852843271
344,155988.9115729754
345,2097912.8634411236
347,728001.9222523666
348,2807785.393416993
350,2777238.4587283665
351,14898755.978341382
352,1412785.948180439
353,1193720.9997642082
354,12529175.802525045
355,1957358.4415823636
356,5376857.222191519
357,4572539.964767134
358,12010738.055013312
359,977035.147117839
360,1055171.2435966337
362,1619401.4551527053
363,1023700.3940768206
364,1436436.3924785461
365,1724281.1153638111
366,1149021.6777172764
367,709790.3415823615
368,960159.1874896146
369,1038918.5419045745
370,2065483.6636705336
371,3734132.452191515
372,5182162.668048392
373,665504.3428283135
374,747911.3455675065
375,1325914.8566620601
377,1743648.5519193043
378,215728.21797310514
379,763535.044150179
380,322442.47525631444
381,1948598.9451901014
382,4673811.916140012
383,3395199.3437250294
384,4185442.083364038
385,3378037.9038249077
386,1647602.099032259
387,1554486.4559646852
388,2309272.1651434177
389,7414529.091944775
390,6529687.937819475
391,4033665.667883464
392,879509.6535339837
393,1119813.1920828563
394,1147826.9329344113
395,1065712.9278230958
396,1108798.67907752
397,953860.2307575764
398,4286020.607911714
399,602492.4481839092
400,6200572.217117056
401,1513248.0310259883
402,425766.88781926315
404,1273237.1179257554
405,1434541.9511850313
406,7158677.246907785
407,19145763.44093553
408,1662002.4852768965
409,2939272.134021954
410,28450251.817544203
411,1069934.9123824954
412,114293.43358485594
413,2402803.3181638387
414,6614008.079826312
415,2444741.64949915
416,6929761.276678443
417,2618535.2297117775
418,3411409.2806104366
419,5566060.737908818
421,820182.798359925
422,3258898.137851611
423,508326.5595421847
425,5624176.681870441
426,1819889.433204595
427,822729.8993382235
429,4222004.338177495
430,5968271.12041903
431,654938.6904924421
433,1972989.865251931
434,636058.7471814194
435,2168967.243614268
436,1881546.6541076477
437,417191.237481548
438,3759029.9715725477
439,392094.3643581773
440,1054821.5532019623
441,365671.6275946009
442,5668676.901821099
443,96300.22998020545
444,1454649.319156377
445,383598.7625496506
446,3527418.478391623
447,1136170.4474713735
448,910038.3222841563
449,9117342.253458455
450,1099360.1252895969
451,16665150.70003615
452,1938115.4443108637
454,1378850.3621774707
455,608302.5112778754
456,4519278.778876578
458,512412.29002992326
459,3867884.7852007323
460,5496446.7412357675
461,2431315.638203747
462,1024049.2430738162
463,966070.5278290883
464,6963244.841378499
465,572396.3119258571
466,2533760.437936346
467,4852321.894560142
468,1906108.1582044256
469,16565120.6998176
470,7354297.076704655
471,3963125.8078996036
472,381685.04442425503
473,8803947.175542306
474,1416373.7649467024
475,2186830.443978683
476,3800210.457220683
477,1645453.3368685837
478,645875.0684622071
479,224074.71136240807
480,233633.57638336823
481,7121793.585502064
483,2990830.2003954034
484,796754.2353280378
485,839028.2763050804
486,827369.6671514141
487,839052.9216998045
488,1950676.8241849514
490,2082073.2666163242
491,1029710.1217009684
492,2703074.4087080257
493,3261626.081926102
494,1812409.8783165105
495,1258485.257269817
496,2493556.1784509057
497,592530.6235469545
498,994411.1975106343
499,5392032.966883179
500,736983.811817044
501,4049014.7166447286
502,1437312.7082965872
503,451176.59316756134
504,3544083.2711771512
505,4915697.473929136
506,2319636.818618778
507,1836069.6575282263
508,1969803.3685447806
509,3983996.453749978
510,152897.61515972603
511,2752595.383649538
512,5743694.036205341
513,12441531.879459616
514,251170.22739894257
515,81648.87968048871
516,373637.65190564847
517,1914283.4021552107
518,1363185.584561586
519,1585333.522243229
520,878447.9864670765
521,1329070.4453530698
522,850955.7679619093
523,1616671.868806167
524,1494426.0987827312
525,5293440.3192193825
526,9323458.486504035
527,2732403.8971877974
528,975027.8888098744
529,5613999.8228795715
530,2539329.650364989
531,2095506.2684603394
532,889200.2912955988
533,1689208.1251958208
534,4462882.605073616
535,2757370.6474734275
536,1220662.3167268937
537,1440056.9280113778
538,147569320.06480914
540,3075169.4530017106
541,3337895.1210448714
542,3245007.222892983
543,451933.54753981065
544,4179382.6854762044
545,440755.77246421186
546,3858106.406818968
547,3334569.9991600644
548,2401661.9193420596
549,798535.5074218585
550,6856411.995183704
551,1532127.865049972
552,536346.8533520923
553,3002699.2681292566
554,250033.2917740566
555,9280351.640424993
556,2760315.907790491
557,6557539.319322381
558,7576113.850480264
559,245389.65619173908
560,3399457.6221399847
561,3405521.7114596823
562,386107.47511490004
563,3225298.954997044
564,2013819.231932999
565,8855280.858040947
566,5524035.240785092
567,4889973.674117236
568,21985468.821284696
570,5505535.275600693
571,3923765.5912235696
572,11840910.01761613
573,3900068.7886714693
574,2280218.744418065
575,691346.475794837
576,1304095.9553589623
577,4295364.564267921
578,1974867.0377577683
579,5818038.9624803625
580,2123463.5087444456
581,1067924.692848897
582,2566431.2724309647
583,1096295.053020732
584,1244667.6214892094
585,1634378.3669621777
586,5607271.068335626
587,3504963.382453416
588,52026.12128824243
589,2788953.5804454284
590,2309301.8184410525
591,563097.8042309727
592,2844095.0439481484
593,4472677.818392198
594,1889771.8779291753
595,4545471.94072789
596,2110957.194642354
597,1354297.604405128
598,2555596.968056847
599,79283.52976839675
600,3453325.884844645
601,1526014.438091367
602,5825318.900347815
603,18151504.648282435
604,1066600.728728044
605,1181389.0593053007
607,3481517.437296997
608,474677.94422478206
609,4752395.604825007
611,3928958.185304268
612,5310070.636036666
613,3002429.3373034047
614,2533370.1146068815
615,11353590.363290759
616,2368390.1118207597
617,9887021.87814857
618,1519223.9768378504
619,292697.5790320907
620,2101387.7223957614
621,1451472.2971203797
622,2256130.6216858514
624,4584115.081160147
625,1597118.637817645
626,1160297.5210006484
627,1906859.91075205
628,2514178.213864052
629,3556906.508989671
630,2066996.0638308472
631,1193109.2753221982
632,349108.16480050294
633,3748811.5243161917
635,2294145.904765566
636,3648804.5415897015
637,684228.1361181287
638,8867960.92495784
639,2749070.1428764514
640,998157.1350567699
641,8882775.068756677
642,2719558.6576157673
643,3633456.9876539484
644,366361.45568679925
645,2557076.3621484144
646,2803231.5757966544
647,5050328.063806955
649,1522437.654586894
650,7051883.902266219
651,13062336.661297027
652,992078.8538239971
653,1674829.482639837
654,3731050.74372897
655,1464361.9873756235
656,1522809.832438145
657,2387278.6437066137
658,4312284.255855283
659,2273171.7757177004
660,3685885.5172003964
661,2126924.232649505
662,2508017.606609898
663,9566464.865572343
664,1384677.349431036
665,576493.6793205936
666,974038.046913099
667,4413653.976596509
668,1575142.5287682822
669,3077973.262454696
671,7137533.788277303
672,8121127.144933505
673,16385870.26192286
674,3264132.466581329
675,1378413.3623776282
676,18384030.777030118
677,2864308.482133649
678,712152.6455063764
679,2499259.5788264973
680,1636947.5936594922
681,1703484.0165269596
682,1504050.8389124267
684,3063142.513364633
685,4903934.930141929
686,1993554.8539507375
687,3492761.9042697074
688,4159814.274642097
689,1487738.5265790885
690,2220867.786348605
691,2403946.663472781
692,2425250.4560585213
694,1942463.2204004196
695,1462598.4454515278
696,3532963.8137241183
697,1717257.5748563453
698,8769205.627796495
699,343172.91066723224
700,3775628.912996916
701,4926730.70440972
702,3556544.396329708
703,2556871.5682353703
704,1297034.5527056162
705,2970531.9430857874
706,573978.2721637816
707,1259360.3638507212
708,6087559.681294182
710,1023637.8077101894
711,2291176.0211439943
712,1740753.5777546475
713,2965375.685124606
715,1662571.4538241075
716,3152742.9634394934
717,874577.3631185076
718,510074.7348180491
719,4530739.449130108
720,7477816.330619699
721,1090832.7961459698
722,1188338.6426856057
723,3484527.500332162
724,2137136.9020275054
725,1768354.0969056212
727,11047874.501768995
728,941391.7130948189
729,731193.4462077887
730,1444612.9958296013
731,910866.3748586434
732,811300.0601637401
733,3326741.8857606966
734,2457888.2633041367
735,2291509.8644404314
737,748383.1614034578
738,2162018.456812938
739,302747.97733018204
740,2342131.7954808176
741,20209890.848350674
742,3051788.9881411204
743,1861539.5686506024
744,2338312.3148004296
745,5369496.594114934
746,1096375.9751421863
747,1700715.0900592734
748,4416041.822976957
749,3213321.0239377557
750,4357663.102329952
751,4346735.989265028
752,1525290.657793074
754,1374235.4229621363
755,7209287.606126418
756,9458327.723458745
757,3144922.9472309286
758,733656.725732944
759,832457.3417970145
760,1809590.5562461205
761,1743814.216776909
762,4597781.851012318
763,1645358.8581208168
764,2839933.1387807
765,2652164.8907886883
766,2825746.2632522993
767,1544853.5309381036
768,2446563.0910426322
769,978984.7222456883
770,8346256.648989349
771,373577.1792040144
772,1516567.029876322
773,1420630.1257784045
774,7463888.556696318
775,2403311.9994288785
776,2637655.496293021
777,3409552.8471559035
778,4399003.986346483
779,7545572.423870012
780,2688003.6743821003
781,1236927.6815174706
782,3058302.6387497284
783,2905224.9186438443
784,2837604.9492744873
785,2764980.949544597
786,2318279.1321284063
788,312172.9773877652
789,4385029.075504658
790,582908.3402891165
791,3912753.3984542703
792,2620867.4142584237
793,11233425.77337532
794,1662921.961206532
795,628489.7142857146
796,21132505.405627653
797,1736860.4330763752
798,13111443.966206461
799,2703949.589060941
800,6892158.995275175
801,1711259.1866123427
802,5440334.875964959
803,2588125.3543956797
804,2081691.5730053228
805,910801.3711353189
806,14246647.688316017
807,2456606.3597614793
808,573566.4408777945
809,1066323.1874971837
810,2364302.2750015925
812,10191255.000991404
813,591604.454521853
814,1997533.6451935978
815,644440.1459842667
816,770751.5418684457
817,7915396.077647405
818,4037055.031000775
819,541605.7020451559
820,4574267.14399262
821,1719944.1229808098
823,3019598.3774897754
824,2979317.2361077964
825,697953.5592680506
826,4967808.7865975695
827,1387201.267434211
828,72156.68128403093
829,2912722.8542092075
830,321442.4045565247
831,1624951.1615911121
832,5390234.796993104
833,1670495.9836971348
834,5555525.950696456
835,2667050.5671044085
836,5641609.093664348
837,7202682.122196718
838,5913122.5046388395
839,2672752.0007173843
840,8383344.32030995
841,1028967.7679923251
842,766856.1152185238
843,1582636.4350560852
844,3591442.3826543037
845,1194725.010262763
846,3171871.8871065676
847,1664413.6030682381
848,1956708.9026759996
849,874595.2828260416
850,5062963.303199078
851,785910.6386949068
852,14392992.811660476
853,6036756.362870943
854,1256311.5581832705
855,109191.71082662349
856,300514.2369411739
857,2060397.8743202265
858,2166422.661373977
859,4236953.589148985
860,3332521.9759160746
861,3225666.0428583445
862,302838.0951796179
863,365213.2651888258
864,2279782.0284554176
865,3925570.3471623594
866,2222595.0169432117
867,1224671.1969215276
868,9251797.641810855
869,1552557.7288166897
870,761164.211508539
871,2794154.7158074845
872,3785120.7996193254
873,5790171.058773557
874,908912.2733872118
875,1723586.8047212386
876,813037.4757750967
877,2076216.5694415618
878,9832858.024686748
879,5861165.775793296
880,755421.285882374
881,3140951.0346112945
883,2797477.707629524
884,1702930.2352428648
885,78739.28026901666
886,1178614.8190783595
887,524962.6670810384
888,2747481.821149347
889,9418649.562867947
890,2261353.4593068543
891,1366032.1193919776
892,6156795.887406325
893,2322299.9499438517
894,5081884.442325345
895,18280016.892081685
896,996335.3684252554
897,4271094.730580116
898,5387043.721348993
899,318188.66534419387
900,1662355.0744008827
902,378873.10902674624
903,1992998.153947127
905,4629995.464065592
906,343963.700858323
907,3456683.8223009
908,9504118.412280573
909,5622509.01638973
911,2092383.5777324238
912,527098.9480308209
913,606814.5279539167
914,3677928.6664855652
915,2832442.017217405
916,1798707.5554522723
917,6616325.610505284
918,4665521.414676975
919,1886755.9652995598
920,1947538.3252305177
921,2755289.1743166493
922,1987532.3944923468
923,1637690.2375799674
924,15408607.941787243
925,2072686.6397063904
926,339746.1289797968
927,4669749.067454825
928,4811537.425486008
929,2812527.1180017856
930,4636595.931066187
931,4458147.440367948
932,1758982.9673917843
933,2221901.812712747
934,2399864.702350167
935,643880.3024889246
936,1052175.5087445686
937,2047824.8476397903
938,1227542.7775865318
939,8797055.83873209
940,215950.12860282767
941,849735.555329155
942,3325734.0285549257
943,2776926.128284108
944,1376710.7054972895
945,826357.8204268545
946,6935595.41924496
947,4069947.0436547026
948,1352660.193599138
949,4268871.732136909
950,759283.5091980923
951,4184002.0726989903
952,4564745.986783752
954,1841818.5426219287
955,1455989.5175253344
957,504032.77638832363
958,3031196.553489883
959,289518.5097330232
960,727977.0045083577
961,1610683.8750070408
962,2436059.5440074736
963,2491097.406337131
964,1677614.4667783696
965,2699138.0091799973
966,2084607.7816670293
967,822249.5472639363
968,1290512.1151649
969,11222958.160611551
970,3844613.7843576698
972,3270370.6191441035
973,4227590.786542601
974,1443494.6165370594
975,8180472.003706673
976,2319685.452339834
977,1973213.2574907588
978,687699.1797193568
979,995520.9582231177
980,1011950.9247587644
981,1254807.6148549446
982,218993.91142667466
983,1495187.5938611992
984,1446918.8726086023
985,1251955.5893781828
986,730555.6635705291
987,640234.9065620175
988,441850.5701793631
989,594732.6586981973
990,1106728.6221278568
991,4338250.716778259
992,14054022.000298502
993,455796.3158434494
994,1883019.8666512426
995,7494552.94710871
996,1455094.1103260107
997,7894954.61952512
998,5968032.958139921
999,5331789.798640682
1000,614391.0733085545
1002,3185086.3933359487
1004,2463550.755912218
1005,2709485.1100550047
1006,2194870.5520352935
1007,1891098.809419913
1009,7357300.203837328
1011,1879221.8863490971
1012,2616159.529274744
1013,1279485.875997739
1014,6200633.462823928
1015,5265163.879530856
1016,344182.31736962625
1019,1795415.9768805662
1020,1310578.6358128728
1021,3759134.0942569003
1022,970255.8343003639
1023,1968381.8633530678
1024,1150709.48795062
1025,648515.6476659288
1026,2952363.4893280817
1027,460495.72621421004
1028,2467400.657475653
1029,1530809.9255582786
1030,619580.0941672636
1031,1695812.5420642225
1032,603398.6405031302
1033,2398179.126227434
1034,451805.56100598804
1035,2467097.3330064854
1037,1266228.8493692323
1038,13150885.506141748
1039,2954635.3362702695
1040,79039.97276158382
1041,616569.9593183915
1042,4063067.985735279
1043,1012579.2453291581
1044,6118441.261236185
1045,2805725.853758791
1046,4368859.803931788
1048,3595363.6163345594
1049,724667.9268406066
1050,5005209.4188277405
1051,2937384.6650034804
1052,2164910.960491334
1053,1197273.0878515258
1054,1424382.3445635529
1056,3116559.598124368
1057,1149610.6847007966
1058,4008757.4281869596
1059,311880.22413735033
1060,1089278.7608029628
1062,2507501.234942243
1063,787733.7099388458
1064,2775198.6611021273
1065,2191333.7844553073
1066,867550.7871710763
1067,8762563.779463582
1068,2943641.152499534
1069,1473415.8024045653
1070,2469798.906742289
1071,1750714.4392122903
1072,9467671.299551671
1073,1613875.898129874
1074,5791219.478199957
1075,4502368.676730345
1076,1896295.1484476682
1079,4817232.8243819345
1080,834915.7024416132
1081,702911.8499689044
1082,1664409.059444603
1083,660061.9414087745
1084,1155078.2065639603
1086,947476.7498328045
1087,5492347.957309935
1088,1017059.677189407
1089,8487977.097686585
1091,354177.0048577587
1092,2564403.9092508275
1093,635030.9687967955
1094,11645866.607390167
1095,4796373.388773957
1096,1603726.1634671846
1098,1123566.675435304
1099,1072667.3205490708
1100,1490613.3402555466
1101,896156.1384953312
1102,1799829.2889022655
1103,478424.5708806955
1104,15102518.075586654
1105,3655731.845376501
1106,607924.0891279144
1107,964693.3724926907
1108,5123793.840873936
1109,4828430.738898087
1110,4407752.616283977
1111,2269844.1265003313
1112,2105778.273719487
1113,1630188.9058163299
1114,2003977.6984127678
1115,323013.9014030997
1117,7353934.664462197
1118,3202021.4806710845
1119,1859696.6040418788
1120,1548943.6064626337
1121,12574071.29671594
1122,2130718.2301690723
1123,740199.6575625052
1124,3603105.3047789587
1126,1601397.1132611805
1127,5670012.177116938
1128,353765.8031896542
1129,5641476.346580477
1130,10756550.630467918
1131,4563572.755694805
1132,1016515.3419299577
1134,2007252.1394939008
1136,8563107.67404228
1137,4595850.871908335
1138,2054143.8450412806
1139,1172724.8042778661
1140,520813.8870247612
1141,2414293.077964489
1142,22603835.604704086
1143,3075569.876364508
1144,2561325.7159575284
1145,1662627.1865312378
1147,10026268.25296856
1148,3056421.2931659287
1149,2761467.170670084
1150,703182.5773587874
1151,566322.9205118993
1152,460689.8473247958
1153,1530367.0902905618
1154,3352112.5148534337
1155,8707430.964803535
1158,1647480.1034049266
1159,4043849.285842485
1160,10715441.100540087
1161,11504913.517770678
1162,3852897.8609285234
1163,1917178.9735635961
1164,4967991.955200098
1166,1466973.2664445657
1167,1666346.6531494756
1169,1096377.1876660157
1170,6941126.100865209
1171,7539544.81960479
1172,3181647.4558498245
1173,1922687.2161328387
1174,1098272.8793200897
1175,12343730.979177147
1176,794305.1155657445
1177,2594087.9221916758
1178,1656690.337048268
1179,1064528.877773828
1180,1955420.1284463545
1181,2944707.552984491
1182,7245879.357089935
1183,1877345.2494998947
1184,2083916.812846221
1185,4428979.804485628
1186,4045307.4096344477
1187,969026.9135143266
1188,3869859.5263641616
1189,258287.81379317632
1190,1614685.034476022
1191,572034.646193747
1192,2142480.4100162354
1193,903934.8705137847
1194,1477761.9675077132
1195,2450291.3040861925
1196,1145337.534113614
1197,2905217.2852724413
1198,3777516.628714598
1199,1357048.4559585387
1201,4098540.7095879875
1202,3436670.3182170307
1203,1261955.7970528225
1204,900360.9476025286
1205,1885574.6326269081
1206,924523.0014521459
1207,1689665.958840616
1209,961399.4925904705
1210,578520.711208847
1211,1726769.4561710237
1212,1524627.2448418199
1213,7783380.859757904
1214,972262.4560956543
1215,2824640.564794172
1216,763881.3103527192
1217,2348997.6388324117
1218,2141394.3018695856
1219,5744546.335309656
1220,16197149.334564444
1221,1049175.5601053932
1222,7912368.898104644
1223,2851986.148954838
1224,4082066.275745324
1225,1142875.2915190803
1226,4528690.655914729
1227,1265196.5989274837
1228,12702015.818902906
1229,1908603.6420165584
1230,1613579.9477899065
1231,7662097.345674223
1232,926628.0420985568
1233,606463.8891229088
1235,684694.8121191151
1236,11657212.645051243
1237,3854491.3551000822
1238,3800670.552779989
1239,9392349.157327883
1240,376835.2030508007
1242,4123079.2930399636
1243,4550739.191370714
1244,1023784.773178553
1245,1177013.442587997
1246,1343205.8673872014
1247,427656.11974393483
1248,627104.4144280448
1249,1518352.1948514902
1250,247745.92775382625
1251,4474028.508784821
1252,1763573.6093027936
1253,2204114.8320904667
1254,3795409.4790392034
1255,799307.0885114833
1256,1932665.5493650902
1257,631580.7150279635
1258,3608284.7162340805
1260,3367230.8712753607
1261,2990743.2384969057
1262,5217213.321770528
1263,2658245.8811808573
1264,2277407.302206683
1265,950012.0896732186
1266,6000262.394118423
1267,716337.3895476914
1268,1188979.83691969
1269,21490447.016801193
1270,2058096.3518037521
1272,6163492.195442186
1273,1294642.1239317392
1274,6729454.8547626175
1276,1755401.3338725385
1277,2524091.3465521517
1278,2389071.6644605272
1279,982437.4344948961
1280,1054297.1084688618
1281,10010559.499796405
1283,2389291.7427546703
1284,4737938.594107678
1285,895551.2369562164
1286,2077157.918049553
1287,104513.14923545605
1288,5295959.69620632
1289,1497386.1926107327
1290,1916682.3140679803
1291,2549060.832813024
1293,1439693.0980722588
1294,1972194.4289006589
1295,1522305.123629447
1296,2468660.7661802713
1298,6221925.8397717625
1299,7140384.142131024
1300,2114436.8927024887
1301,4142061.942697801
1302,5883578.572315657
1303,1770516.4542137608
1304,3118536.4255415564
1305,1160603.1996739397
1306,1479399.5966907872
1307,1289544.507501423
1309,1139233.8758066648
1310,2467110.627428679
1311,1445611.340353281
1312,1677531.7777064655
1314,337864.1531060222
1316,2409220.2713369615
1318,4992420.205696108
1319,1565501.1370516932
1322,2023837.659553565
1323,441268.759377626
1324,622417.6993963714
1325,1768445.8979367204
1327,551922.338666211
1328,3647101.604343405
1329,443896.6100396493
1330,743367.3844716726
1331,536736.4947967386
1332,5529911.575843953
1333,6710598.643498412
1334,492170.2303816172
1335,17158198.537388727
1336,3994938.938251989
1337,2735523.0474029114
1338,4000614.7929236833
1339,1005937.0835581461
1340,6191672.159180973
1341,6317060.721580874
1342,488284.59874259634
1343,2228789.783822529
1344,3208037.0016966434
1345,852754.4466267126
1346,2800756.176835446
1347,4458486.096857365
1348,39253390.23588886
1349,2906595.8982997513
1350,1002544.4209914396
1351,2055350.3191840425
1352,1616970.2064602904
1354,3203794.609929483
1355,636094.9449771901
1356,2299637.212114184
1357,4669538.412641905
1358,992654.8617739265
1359,524584.2945078451
1360,5335903.281999481
1361,1223388.5288935674
1362,923016.0895735144
1363,294263.97947596846
1364,108633.20705166405
1365,3225940.392651857
1366,4213958.570925067
1367,2866039.0418942617
1368,897017.9190112412
1369,2091098.5250527302
1370,4739009.887401564
1371,4260775.368018404
1372,1956700.7564732374
1373,168908.8206371477
1374,1210830.9474694321
1375,766109.7291405567
1376,4542802.177242615
1377,2461605.933497507
1378,4964542.35185842
1379,1478255.813522738
1380,1039561.5890959343
1381,1331595.4262491986
1382,1953544.9293491798
1383,5422682.302377036
1384,496241.69914480706
1385,360758.9287560795
1387,896302.2220015138
1388,32346816.58431586
1389,1888959.8785276636
1390,3104646.5001562135
1391,1454025.719308117
1393,744546.2929048853
1394,3645990.5100431875
1395,6883597.574254556
1397,1565380.250619132
1398,1897892.3922728703
1399,1215362.9141074768
1400,1162256.3289173753
1401,15069067.642163482
1402,2819580.387081232
1404,6222637.976227672
1405,827444.2613118514
1406,3441751.824391649
1407,528279.055405935
1408,26407257.94830223
1409,1857286.5750790392
1410,214431.66910210886
1411,4029213.820972015
1412,2954775.6342882663
1413,1393726.4394171864
1414,2292620.0419007167
1415,1115631.2222153335
1416,168282.31392364914
1417,1296295.7281389413
1418,1065859.0697392218
1419,2940719.8815446272
1421,273700.8059942577
1422,2008132.0519394428
1423,496573.5673289314
1424,1021689.0843741167
1425,2416239.34131237
1426,3484838.883354009
1427,4052705.1487528784
1428,6365359.928568419
1429,647757.4928743565
1430,1156513.4156688498
1432,71378.24991232739
1433,6073824.408893171
1434,559365.8792028954
1435,1583934.959330066
1436,100142.10351326721
1437,3063493.6561399945
1438,3015901.648179937
1439,3461040.3162487056
1440,1162467.010154412
1441,4119908.1355432025
1442,2031219.754307392
1443,800604.670654861
1444,5236403.342022635
1445,678880.0619790059
1446,780466.3765137531
1447,6405421.669951867
1449,1870255.1870995136
1450,1020268.7241314617
1451,813634.0497111379
1452,247730.00784800784
1453,691090.6100371795
1454,8986469.398608167
1455,214200.92868131382
1456,2416746.968340373
1457,1902401.7989819145
1458,1134927.2905168342
1459,20743937.40387799
1460,1754662.7739040279
1461,4872458.8922713315
1462,3013955.906389594
1463,2490395.6733164033
1464,3402775.2943819114
1465,1033988.1725000301
1466,921972.8508697118
1467,388605.94191563653
1468,2454052.5285662245
1469,1295981.7254343159
1470,264455.822611184
1471,196899.97367759998
1472,2634466.069426613
1473,1807208.5940297353
1474,2899836.207213915
1475,4983381.382312797
1476,1752475.7895818097
1477,10274414.662337156
1478,6171385.890767542
1479,4848334.512731859
1480,2471234.6489125327
1481,5316998.2473172685
1483,5883957.037919631
1485,1631387.6448437038
1486,2289796.730918481
1487,1497409.0028746752
1488,1041476.4527935407
1489,1024752.3116830424
1490,533158.405905274
1491,4883241.891377624
1492,416483.31633456034
1494,999215.8093893069
1496,6009800.919436675
1497,1704687.1978405863
1498,3054354.836147482
1499,3306279.608850131
1500,4835017.408886833
1501,1934731.9999889766
1502,4007736.8242058735
1503,6432766.595417147
1504,2966986.2463264903
1505,3903890.4736573803
1506,1356381.1696727616
1507,4153945.5964571564
1508,7621149.249844981
1509,1561529.8225142928
1510,1006470.85591178
1511,9346149.522041919
1512,743951.2244201835
1513,366770.0909631873
1514,1787938.8204509814
1515,1297109.9591315172
1516,2729546.4275673777
1517,1269926.7889630701
1518,4751470.634965673
1519,2751346.5731077436
1520,414770.1944758844
1521,226284.4194101285
1522,808979.2695242174
1523,3833895.588524186
1524,1851469.3232958848
1525,5391791.584546316
1526,450210.197872748
1527,472578.74897617206
1528,1751363.8182888404
1529,2059584.0626299905
1530,2807696.6298851594
1531,2806623.0188196497
1532,7233749.9592754925
1533,629435.9576534781
1535,3919041.563637808
1536,1246140.1521549202
1538,4415093.256559786
1539,3320126.926533197
1540,2593576.0280006686
1541,7984722.352267506
1542,2169662.3523419686
1543,320967.698586187
1544,2382362.927493579
1545,2198041.4881750783
1546,1590294.133121315
1548,1273891.6895422293
1550,719246.3391077571
1551,3875509.9060873734
1552,1403365.2250284725
1553,2094950.0042966716
1554,845199.1506064308
1555,1483695.7566563515
1556,2830759.452353607
1557,2667884.38706683
1558,837791.1465136821
1559,7502725.96448976
1560,4444546.322396997
1561,1344416.4671455806
1562,2762774.965004788
1563,3900291.517445802
1564,1151761.3108078511
1565,648176.9350500755
1566,910253.7035975095
1567,1874867.3733012876
1568,593691.7587596705
1569,1199773.9532593258
1570,766980.4420557126
1571,1205549.1187113738
1572,1874576.4833062426
1573,2614212.86938606
1574,1317291.2137246218
1575,253963.09771127772
1576,1400134.2156057495
1577,2432728.8519828464
1578,1722459.3654745556
1579,5934441.494533482
1580,870531.8577775294
1581,1010208.3601068077
1582,1601701.3905738555
1583,2760269.2147825975
1584,2062233.0621389789
1585,3230959.456851829
1586,2085844.0734631454
1587,3754018.642341139
1588,4596046.6221029665
1589,423374.89202087506
1590,1740809.1468221936
1591,2368903.4941519955
1592,1086656.8115281875
1593,987013.7281890378
1594,1000443.0229357462
1597,1993501.2271042939
1598,617273.1553518847
1599,1747676.7175988206
1600,1628527.4340438468
1601,38039221.86427557
1602,2189651.5874626567
1603,908023.3874541749
1604,1853141.887586074
1605,6860713.9442988
1606,2814663.2730445983
1607,4781843.127077479
1608,613466.3972147361
1609,6024899.28147268
1610,1756587.8826811542
1611,3087663.487483814
1613,565482.3054305016
1614,1220821.492194126
1615,7259187.008995593
1616,1651418.1314769024
1617,1424242.3065422827
1618,2064117.5833055328
1619,1310270.2508133093
1620,4927115.259491347
1621,3264511.268851784
1622,1927517.4581612758
1623,4198806.0708300695
1624,398583.7230227858
1625,1829671.6513927272
1626,10803354.262821171
1627,4116491.796776579
1629,4427093.227155018
1630,5569227.963329784
1631,1641189.4201140096
1632,3945848.9282650845
1633,3245060.892160891
1635,1197457.4328051188
1636,1385822.9004197202
1637,5996575.295205711
1639,1582186.1397726843
1642,3786367.1399247805
1643,1955786.597827121
1644,2543028.699623667
1646,990503.7187160298
1647,664179.8035202774
1648,3678791.6415299373
1649,2478007.729915172
1650,3577967.379469957
1652,3643396.3038500645
1654,840995.2884051658
1655,2103860.1180654424
1656,1801113.238410711
1657,1239547.1092011807
1658,816335.4972387918
1659,555563.4647599738
1660,1416087.9111350086
1661,2541728.4763547173
1662,508648.7644218615
1663,423192.2706028301
1664,1425630.348065199
1665,989640.2839892295
1666,1049377.9970849631
1667,4458610.6908967905
1668,4546470.935591735
1669,7762765.871001561
1670,14810939.521763548
1671,901804.90314394
1672,1266636.5386929312
1673,1701349.5602638898
1674,2176740.5606902903
1675,1958366.4169562939
1676,546892.3423516059
1677,6740600.24990902
1678,11811499.266907247
1679,6296665.917015528
1681,3685406.5572316777
1682,1349906.9728281463
1683,5615549.5611665975
1685,1136310.7638393943
1687,1273303.2811379465
1688,2335204.5293463604
1689,1107228.2581878956
1690,5745741.5351002775
1691,1928079.3275943282
1692,1574510.7546911167
1693,5324031.8707024595
1694,670671.1935496
1695,1097391.9700786867
1696,3846993.6897294233
1697,1922672.0308998046
1698,2892451.3304095576
1699,1641235.070712281
1700,3401869.1882454287
1701,6827301.801563354
1702,2419474.0245967014
1703,3948055.1815574635
1704,3860865.65430473
1705,1624491.849369504
1706,4159039.045082153
1707,4024360.190075547
1708,1421167.6028076513
1709,3601571.353716757
1710,1613667.0137300221
1711,852545.7183171341
1712,2084052.7967350804
1713,3207123.9549356364
1714,3522226.032595878
1715,557041.5732986706
1716,2056867.7684507053
1717,6499251.640377063
1718,13800749.089893922
1719,1681119.832365146
1720,1077231.0810555127
1721,311036.60251845303
1722,5128470.383523772
1723,1126707.885572244
1724,2566709.7670317134
1726,2814954.290629145
1727,3990305.546018631
1728,2863310.5261471267
1729,6849494.932113392
1730,568500.640036725
1731,3856390.361773858
1732,979573.2187067596
1733,172162.85115946934
1734,1024910.691424306
1735,4594686.461123904
1736,4127768.377858575
1737,2141644.0925129047
1739,3205081.050178912
1740,366467.3334764775
1741,3725043.1458182493
1742,6126772.442717144
1743,1549182.1496017785
1744,920099.8451078427
1745,1274087.8690219682
1746,1675621.5318098555
1747,1724130.4165598177
1750,672841.6268747814
1753,1181832.506016571
1754,15508534.709473053
1755,1292937.388541083
1756,962292.9969102754
1757,3099956.752240005
1758,2845546.3401323142
1759,778758.2205562325
1760,1661229.459330224
1761,2843680.878351261
1762,3719083.557386104
1763,3040405.8439104967
1764,1307908.6824862123
1765,7908738.888243666
1766,5549503.532038273
1767,729786.4886501934
1768,2125374.472739514
1770,773852.1566906464
1771,1015590.0171628196
1772,2125430.5788721303
1773,505126.24559687637
1774,201190.69323892216
1775,1326678.7410097707
1776,628661.289367503
1777,3531982.158721736
1778,5150911.503643369
1779,5873420.925612884
1780,550534.4293671167
1781,1299700.7132171867
1782,1171284.9427240102
1783,3025188.7763892394
1784,1172359.920324294
1785,3871013.2375764623
1786,5618306.308930209
1787,1001711.8507780071
1789,189463.18037883623
1790,513934.6515028179
1791,6611545.25952008
1792,2862982.243702893
1793,1797500.8877385648
1794,2346084.107257862
1795,1996987.0116845001
1796,12254550.441617297
1797,579904.1401553962
1798,5361035.455652976
1799,1781075.6683709503
1800,3069637.426291369
1801,2998400.040687405
1802,2174599.0079929605
1803,6780314.6457075775
1804,1253569.578505861
1805,10006449.735187607
1806,1413529.1427923313
1807,26330677.31985014
1808,4855529.614082053
1810,1599906.878361675
1811,1592328.3014840935
1813,5017980.266433502
1814,3563958.261389616
1816,945278.7200383148
1817,5342878.372174073
1818,813536.701699512
1819,1826784.495017923
1820,1561217.8796887682
1821,286651.34574471216
1822,5220995.393395136
1823,1080567.944312093
1824,4564544.839462705
1825,989717.2849093925
1826,1169064.3821325307
1827,5496508.503354194
1828,2635519.093415925
1829,3289504.117848402
1830,2877301.3619061178
1832,2750574.2870769645
1833,3036624.048943569
1834,1596603.4820352579
1835,7638185.958509437
1836,691566.146363752
1837,736280.5503173313
1839,2210886.816725281
1840,16016620.222913768
1841,4787961.656622205
1842,4889246.340275602
1843,844769.1280436907
1844,4214824.789646542
1846,1128335.5148762618
1847,637624.5893392992
1848,3486283.4167060456
1849,1149169.4695654782
1850,1579290.1598622089
1852,2660490.137685846
1853,5471427.161199866
1854,2346284.3863532892
1855,1225828.5258963034
1856,3077341.916641179
1857,8976513.757085558
1858,5845133.478211191
1859,1807751.9892152923
1860,751136.2882123794
1861,1316535.8573240687
1862,1337197.1477621896
1864,1944536.7880420266
1865,769028.7909787685
1866,983442.7392649229
1867,2100916.830911422
1868,18799367.307127547
1869,638622.1740971443
1870,540638.6244336665
1871,1871758.4606999885
1872,3345658.414519003
1873,7513398.793493513
1874,1215650.3107758714
1875,1744156.8539658063
1876,2050235.6568868365
1877,2081799.7345383056
1878,808907.244582916
1879,962504.6092109184
1880,5662036.611231897
1881,141354.58258639526
1882,1300057.5570099626
1884,11828836.51169087
1886,1521924.9852479992
1887,151719.90999185477
1888,9300128.282874066
1889,2601465.030211903
1890,15338040.048293356
1891,8928104.811430031
1892,9237264.581126358
1893,947113.2169946636
1894,786812.270588266
1895,2540953.1511218115
1896,4457786.66247497
1897,6470743.265989738
1898,1447483.331208757
1899,273215.36801146227
1900,8260118.17295755
1901,119794.9621678206
1902,1631254.6161579601
1903,3000827.1078106207
1904,3238012.763243905
1905,321580.8535228129
1906,1724823.7654069585
1907,4992493.378639361
1909,6676897.616996441
1910,3944808.0551073737
1911,106510.3987170588
1912,624159.766245808
1914,842025.3422841411
1915,1002202.3697869629
1916,786063.9227236686
1917,5293091.064304693
1918,4391942.184031457
1920,424843.3687587676
1921,1150151.0201809895
1922,773319.4760079293
1923,1932766.201765707
1924,1092634.4498572827
1925,3211447.5630554915
1926,523239.8978397345
1927,721956.8636074669
1928,1788178.0989570944
1929,1218688.8253085788
1931,874636.4464942291
1932,2628386.355806008
1933,3897287.724787199
1934,323829.9997979293
1935,178499.85244349547
1936,2992238.7880218355
1937,402862.0055411785
1938,7185213.469877131
1939,277255.7733483786
1940,429833.3362123206
1941,1296582.84850427
1942,1144174.1652850758
1943,1210066.2614250393
1944,3891880.969607508
1945,3903076.540504857
1946,1624450.614844186
1947,796774.783244102
1948,101100.37374727572
1949,5239480.907158963
1950,786546.700872656
1951,913987.1842318884
1953,10813956.777346306
1954,1869732.9730042731
1956,4641283.090693622
1957,770094.3988756776
1958,4915626.035795328
1959,390601.1437633005
1960,2005390.1409970033
1961,1548686.626998416
1963,2028125.5535735586
1964,378899.98732684855
1965,505117.01298449066
1966,874317.4249450736
1967,940452.6581324305
1968,2642623.655328168
1969,4275030.097908347
1970,2680478.2283933978
1971,10308728.644489463
1973,4281134.499295867
1974,1111566.0943646953
1975,2784857.4873028393
1976,2096931.8395909201
1977,1848408.2744833655
1978,8300447.532901127
1979,3143936.75257078
1980,2256371.9999496364
1981,5562011.1842872
1982,879012.0456092274
1983,4027711.2337935427
1984,2852585.3606834076
1985,3544551.0785562247
1986,8047753.597176458
1987,10613279.165806193
1988,2422719.5632442073
1989,1157671.1787173895
1990,686323.82646625
1991,1035217.7882883588
1992,1091876.4169132847
1993,1577496.7079144327
1994,829395.8715433695
1995,1499195.6703604548
1996,1514164.4994718092
1997,1438799.2546290578
1998,3729434.073612114
1999,2499227.4480245896
2000,3339507.4277275903
2001,10998288.137691015
2002,4975246.964410165
2003,3180570.7007197626
2004,2471492.6813141094
2006,5452211.958425224
2007,3660294.2965736175
2008,157145.03703785947
2009,19776620.065422215
2010,1333110.7078431963
2011,1716291.0545096467
2012,3142278.843701052
2013,4906014.549478365
2014,1302164.9521722589
2015,8773235.523860952
2017,1663521.9861232366
2018,3168436.866945045
2019,4314835.475537686
2020,4636295.443172358
2021,612620.8102153465
2022,695673.5310680752
2023,3531748.795394287
2024,1250339.3742992561
2025,1410362.5821608251
2026,1105805.0940544219
2027,1288113.0668138755
2028,276622.02148467896
2029,5762525.585834142
2032,3543338.908759963
2033,3785156.5999309057
2034,1627502.8816765011
2035,2780269.391751989
2036,12321050.29716727
2039,2301548.9841302573
2040,2007889.8432755214
2041,1693885.1199672364
2042,297134.01318335015
2043,840933.9753856214
2044,864881.4137274043
2045,1009675.2377974143
2047,2578345.3789130244
2048,103194.35093133655
2049,710808.6199065926
2050,4878016.583189999
2051,1979889.499332936
2052,1794953.5857702736
2053,213185.530122908
2054,2621681.5578926015
2055,7153641.724838752
2057,6738077.729829923
2058,2003444.2315607914
2059,1804449.3419004632
2060,2686511.0473405495
2061,400767.26613051386
2062,3808691.0525629334
2064,1717909.1877779297
2065,1453833.0133075174
2066,2105283.4612666615
2067,2000857.7848600012
2068,1094738.7791399418
2069,1354718.599862923
2070,1933278.447349423
2071,6549903.256236754
2072,3134472.950959893
2073,652236.489543271
2074,5314796.601855619
2076,1044989.4694273109
2077,3111301.92829405
2078,2990650.005942374
2079,3559946.5591383213
2080,2139648.0856530257
2081,1416277.9766972908
2082,2428099.4376568072
2083,3702741.8762871195
2084,2472722.9861011435
2085,925136.5833879693
2086,1173285.4921097525
2087,767885.8983769498
2088,2718048.7479798654
2089,338284.4896375253
2090,741430.0094367858
2091,144737.419365075
2092,3975881.6890261145
2093,1176665.2072389955
2094,514025.3648534642
2095,4085573.140838752
2096,6422429.380039542
2097,3838921.200191915
2098,3455450.163054115
2099,3806500.846100997
2100,1303743.7978732758
2101,1983590.0528966319
2102,1350916.1396089823
2103,1226861.9637868032
2104,718462.9483067752
2105,2261950.527524737
2106,4640094.683490902
2107,280520.4626554341
2108,6495764.237502666
2109,5180216.887484755
2110,652903.2085021758
2111,2180337.2901804685
2112,9435431.27024921
2113,4345970.195557686
2114,8036108.643683558
2115,1718454.3186411625
2116,5815576.649651081
2117,1374663.102665706
2118,2833995.3161045057
2119,2811460.022782592
2120,12594166.72932207
2121,2828806.727992314
2122,7112420.957859503
2123,1442247.6710688812
2124,1027305.2363226584
2125,5836827.641658165
2126,307185.10257911554
2127,1335874.520888161
2128,1427842.2275612387
2129,863532.1049874229
2130,152353.04870590172
2132,1889129.4563625287
2133,402597.40614388883
2134,375164.0009701827
2135,1506337.1977291415
2136,6413822.331516017
